-- phpMyAdmin SQL Dump
-- version 5.2.1
-- https://www.phpmyadmin.net/
--
-- Host: 127.0.0.1
-- Generation Time: Jul 29, 2025 at 10:39 AM
-- Server version: 10.4.28-MariaDB
-- PHP Version: 8.2.4

SET SQL_MODE = "NO_AUTO_VALUE_ON_ZERO";
START TRANSACTION;
SET time_zone = "+00:00";


/*!40101 SET @OLD_CHARACTER_SET_CLIENT=@@CHARACTER_SET_CLIENT */;
/*!40101 SET @OLD_CHARACTER_SET_RESULTS=@@CHARACTER_SET_RESULTS */;
/*!40101 SET @OLD_COLLATION_CONNECTION=@@COLLATION_CONNECTION */;
/*!40101 SET NAMES utf8mb4 */;

--
-- Database: `gop_marketing_db`
--

-- --------------------------------------------------------

--
-- Table structure for table `charges`
--

CREATE TABLE `charges` (
  `id` int(11) NOT NULL,
  `customer_id` int(11) NOT NULL,
  `total_price` decimal(10,2) NOT NULL,
  `po_number` varchar(50) DEFAULT NULL,
  `charge_date` timestamp NOT NULL DEFAULT current_timestamp(),
  `finalized` tinyint(1) NOT NULL DEFAULT 0,
  `finalized_date` timestamp NULL DEFAULT NULL
) ENGINE=InnoDB DEFAULT CHARSET=utf8mb4 COLLATE=utf8mb4_general_ci;

--
-- Dumping data for table `charges`
--

INSERT INTO `charges` (`id`, `customer_id`, `total_price`, `po_number`, `charge_date`, `finalized`, `finalized_date`) VALUES
(1, 1, 6718.00, NULL, '2025-04-26 03:16:32', 1, '2025-04-26 03:16:32'),
(2, 2, 12586.00, NULL, '2025-03-04 03:53:22', 1, '2025-03-04 03:53:22'),
(3, 3, 2500.00, NULL, '2025-04-26 04:34:45', 1, '2025-04-26 04:34:45'),
(4, 3, 2500.00, NULL, '2025-04-26 04:37:12', 1, '2025-04-26 04:37:12'),
(5, 3, 500.00, NULL, '2025-01-01 06:07:12', 1, '2025-01-01 06:07:12'),
(6, 1, 18129.00, NULL, '2025-04-26 11:15:41', 1, '2025-04-26 11:15:41'),
(7, 3, 665.00, NULL, '2025-04-28 05:04:39', 1, '2025-04-28 05:04:39'),
(8, 2, 665.00, NULL, '2025-04-28 05:04:57', 1, '2025-04-28 05:04:57'),
(9, 2, 665.00, NULL, '2025-04-28 05:05:11', 1, '2025-04-28 05:05:11'),
(10, 2, 20615.00, NULL, '2025-04-28 05:05:45', 1, '2025-04-28 05:05:45'),
(11, 1, 8287.00, NULL, '2025-04-28 05:09:24', 1, '2025-04-28 05:09:24'),
(12, 2, 1569.00, NULL, '2025-04-28 05:17:32', 1, '2025-04-28 05:17:32'),
(13, 1, 1175.00, NULL, '2025-04-28 05:33:15', 1, '2025-04-28 05:33:15'),
(14, 7, 3350.00, NULL, '2025-04-28 05:56:50', 1, '2025-04-28 05:56:50'),
(15, 1, 5565.00, NULL, '2025-04-28 08:13:59', 1, '2025-04-28 08:13:59'),
(16, 7, 6304.00, NULL, '2025-06-04 04:50:23', 1, '2025-06-04 04:50:23'),
(17, 7, 1190.00, NULL, '2025-06-04 12:42:47', 1, '2025-06-04 12:42:47'),
(18, 7, 1246.00, NULL, '2025-06-04 12:43:00', 1, '2025-06-04 12:43:00'),
(19, 7, 683.00, NULL, '2025-06-04 12:44:48', 1, '2025-06-04 12:44:48'),
(20, 7, 450.00, NULL, '2025-06-24 04:57:21', 1, '2025-06-24 04:57:21'),
(21, 7, 150.00, NULL, '2025-06-24 05:30:30', 1, '2025-06-24 05:30:30'),
(22, 7, 320.00, NULL, '2025-06-24 05:33:42', 1, '2025-06-24 05:33:42'),
(23, 7, 30.00, NULL, '2025-06-24 05:34:06', 1, '2025-06-24 05:34:06'),
(24, 4, 525.00, NULL, '2025-06-24 05:34:21', 1, '2025-06-24 05:34:21'),
(25, 5, 6260.00, NULL, '2025-06-24 05:34:54', 1, '2025-06-24 05:34:54'),
(26, 5, 28810.00, NULL, '2025-06-24 05:35:12', 1, '2025-06-24 05:35:12'),
(27, 10, 2072.00, NULL, '2025-06-24 05:35:33', 1, '2025-06-24 05:35:33'),
(28, 7, 45.00, NULL, '2025-06-24 07:21:00', 1, '2025-06-24 07:21:00'),
(29, 10, 15.00, '905', '2025-06-24 07:27:20', 1, '2025-06-24 07:27:20'),
(32, 6, 30.00, '67845', '2025-06-24 08:03:11', 1, '2025-06-24 08:03:11'),
(34, 6, 4250.00, '2341', '2025-06-24 08:04:29', 1, '2025-06-24 08:04:29'),
(35, 6, 4250.00, '2341', '2025-06-24 08:04:30', 1, '2025-06-24 08:04:30'),
(36, 7, 607.50, '0005', '2025-06-24 08:11:32', 1, '2025-06-24 08:11:32'),
(37, 7, 607.50, '0005', '2025-06-24 08:11:33', 1, '2025-06-24 08:11:33'),
(38, 10, 1084.00, '7890', '2025-06-24 08:20:30', 1, '2025-06-24 08:20:30'),
(39, 10, 1084.00, '7890', '2025-06-24 08:20:30', 1, '2025-06-24 08:20:30'),
(40, 1, 2462.00, '67845', '2025-06-24 08:20:53', 1, '2025-06-24 08:20:53'),
(42, 6, 1231.00, '2341', '2025-06-24 08:21:02', 1, '2025-06-24 08:21:02'),
(44, 11, 16025.00, '00029', '2025-06-25 12:51:26', 1, '2025-06-25 12:51:26'),
(45, 11, 16025.00, '00029', '2025-06-25 12:51:26', 1, '2025-06-25 12:51:26'),
(46, 1, 35204.10, '0433', '2025-06-29 14:04:32', 1, '2025-06-29 14:04:32'),
(47, 1, 35204.10, '0433', '2025-06-29 14:04:32', 1, '2025-06-29 14:04:32'),
(48, 7, 1492.00, '0433', '2025-06-29 14:05:00', 1, '2025-06-29 14:05:00'),
(50, 5, 3646.75, '0433', '2025-07-02 22:09:30', 1, '2025-07-02 22:09:30'),
(51, 5, 3646.75, '0433', '2025-07-02 22:09:30', 1, '2025-07-02 22:09:30'),
(52, 4, 10.00, '0433', '2025-07-02 23:16:40', 1, '2025-07-02 23:16:40'),
(53, 4, 10.00, '0433', '2025-07-02 23:16:40', 1, '2025-07-02 23:16:40'),
(54, 10, 185848.00, '34033', '2025-07-03 14:23:09', 1, '2025-07-03 14:23:09'),
(55, 10, 142.00, '', '2025-07-03 14:30:00', 1, '2025-07-03 14:30:00'),
(56, 7, 1350.00, '3434', '2025-07-03 14:40:25', 1, '2025-07-03 14:40:25'),
(57, 3, 1360.00, '3432-32', '2025-07-03 14:41:49', 1, '2025-07-03 14:41:49'),
(58, 8, 100.00, '34-877', '2025-07-03 14:42:25', 1, '2025-07-03 14:42:25'),
(59, 10, 1410.00, '45-43-23', '2025-07-03 14:55:18', 1, '2025-07-03 14:55:18'),
(60, 8, 30.00, '4545', '2025-07-03 14:56:40', 1, '2025-07-03 14:56:40'),
(61, 2, 224.00, '34033', '2025-07-03 14:57:19', 1, '2025-07-03 14:57:19'),
(62, 6, 5543.00, '4533', '2025-07-03 14:58:37', 1, '2025-07-03 14:58:37'),
(63, 2, 1350.00, '34033', '2025-07-03 14:58:47', 1, '2025-07-03 14:58:47'),
(64, 2, 112.00, '34033', '2025-07-03 14:59:10', 1, '2025-07-03 14:59:10'),
(65, 6, 1350.00, '34033-43', '2025-07-03 14:59:28', 1, '2025-07-03 14:59:28'),
(66, 1, 80.00, '34033', '2025-07-03 15:00:42', 1, '2025-07-03 15:00:42'),
(67, 1, 2700.00, '34033', '2025-07-03 15:00:52', 1, '2025-07-03 15:00:52'),
(68, 7, 2350.00, '1234', '2025-07-05 06:12:19', 1, '2025-07-05 06:12:19'),
(69, 1, 20378.00, '4545', '2025-07-05 06:28:34', 1, '2025-07-05 06:28:34'),
(70, 10, 13274.50, '28888', '2025-07-05 08:40:56', 1, '2025-07-05 08:40:56'),
(71, 10, 77700.00, '8080', '2025-07-05 09:02:54', 1, '2025-07-05 09:02:54'),
(72, 13, 22480.00, '04045', '2025-07-11 15:02:57', 1, '2025-07-11 15:02:57'),
(73, 11, 24890.00, '4321', '2025-07-11 15:08:40', 1, '2025-07-11 15:08:40'),
(74, 11, 129490.00, '5543', '2025-07-11 15:14:51', 1, '2025-07-11 15:14:51'),
(75, 7, 1500000.00, '454545', '2025-07-11 16:04:31', 1, '2025-07-11 16:04:31'),
(76, 10, 5300.00, '009', '2025-07-11 16:20:05', 1, '2025-07-11 16:20:38'),
(77, 7, 500.00, '5443', '2025-07-11 16:33:53', 1, '2025-07-11 16:34:07'),
(78, 7, 12000.00, '4545', '2025-07-11 16:44:55', 1, '2025-07-11 16:45:03'),
(79, 7, 1800.00, '5656', '2025-07-11 16:45:35', 1, '2025-07-11 16:45:50'),
(80, 7, 135.00, '1234', '2025-07-11 16:46:21', 1, '2025-07-11 16:46:38'),
(81, 6, 640.00, '454545222', '2025-07-11 16:47:13', 1, '2025-07-11 16:47:19'),
(82, 10, 600.00, '7-32', '2025-07-11 16:50:33', 1, '2025-07-11 16:50:45'),
(83, 12, 600.00, '333', '2025-07-11 17:03:12', 1, '2025-07-11 17:03:39'),
(84, 3, 185350.00, '123542', '2025-07-16 13:04:45', 1, '2025-07-16 13:05:01'),
(85, 14, 1250.00, '434521', '2025-07-18 03:29:58', 1, '2025-07-18 03:30:09'),
(86, 10, 600.00, '-', '2025-07-18 03:44:53', 0, NULL),
(87, 10, 1800.00, '1', '2025-07-18 03:46:28', 0, NULL),
(88, 10, 1800.00, '1', '2025-07-18 03:47:34', 1, '2025-07-18 03:48:04'),
(89, 11, 810.00, '-', '2025-07-29 05:17:47', 1, '2025-07-29 05:17:57');

-- --------------------------------------------------------

--
-- Table structure for table `charge_items`
--

CREATE TABLE `charge_items` (
  `id` int(11) NOT NULL,
  `charge_id` int(11) NOT NULL,
  `item_id` int(11) NOT NULL,
  `quantity` int(11) NOT NULL,
  `price` decimal(10,2) NOT NULL,
  `discount_percentage` decimal(5,2) DEFAULT 0.00
) ENGINE=InnoDB DEFAULT CHARSET=utf8mb4 COLLATE=utf8mb4_general_ci;

--
-- Dumping data for table `charge_items`
--

INSERT INTO `charge_items` (`id`, `charge_id`, `item_id`, `quantity`, `price`, `discount_percentage`) VALUES
(1, 1, 5, 1, 500.00, 0.00),
(2, 1, 4, 1, 675.00, 0.00),
(3, 1, 9, 1, 5543.00, 0.00),
(4, 2, 5, 3, 500.00, 0.00),
(5, 2, 9, 2, 5543.00, 0.00),
(6, 3, 5, 5, 500.00, 0.00),
(7, 4, 5, 5, 500.00, 0.00),
(8, 5, 5, 1, 500.00, 0.00),
(9, 6, 5, 3, 500.00, 0.00),
(10, 6, 9, 3, 5543.00, 0.00),
(11, 7, 8, 1, 665.00, 0.00),
(12, 8, 8, 1, 665.00, 0.00),
(13, 9, 8, 1, 665.00, 0.00),
(14, 10, 8, 31, 665.00, 0.00),
(15, 11, 5, 1, 500.00, 0.00),
(16, 11, 4, 1, 675.00, 0.00),
(17, 11, 9, 1, 5543.00, 0.00),
(18, 11, 1, 1, 70.00, 0.00),
(19, 11, 6, 1, 679.00, 0.00),
(20, 11, 3, 1, 150.00, 0.00),
(21, 11, 7, 1, 670.00, 0.00),
(22, 12, 7, 1, 670.00, 0.00),
(23, 12, 3, 1, 150.00, 0.00),
(24, 12, 6, 1, 679.00, 0.00),
(25, 12, 1, 1, 70.00, 0.00),
(26, 13, 5, 1, 500.00, 0.00),
(27, 13, 4, 1, 675.00, 0.00),
(28, 14, 5, 4, 500.00, 0.00),
(29, 14, 4, 2, 675.00, 0.00),
(30, 15, 5, 3, 500.00, 0.00),
(31, 15, 4, 6, 675.00, 0.00),
(32, 15, 11, 1, 15.00, 0.00),
(33, 16, 11, 2, 15.00, 0.00),
(34, 16, 4, 1, 675.00, 0.00),
(35, 16, 10, 1, 56.00, 0.00),
(36, 16, 9, 1, 5543.00, 0.00),
(37, 17, 4, 1, 675.00, 0.00),
(38, 17, 5, 1, 500.00, 0.00),
(39, 17, 11, 1, 15.00, 0.00),
(40, 18, 11, 1, 15.00, 0.00),
(41, 18, 5, 1, 500.00, 0.00),
(42, 18, 4, 1, 675.00, 0.00),
(43, 18, 10, 1, 56.00, 0.00),
(44, 19, 11, 1, 15.00, 0.00),
(45, 19, 5, 1, 500.00, 0.00),
(46, 19, 10, 3, 56.00, 0.00),
(47, 20, 17, 18, 25.00, 0.00),
(48, 21, 17, 6, 25.00, 0.00),
(49, 22, 16, 32, 10.00, 0.00),
(50, 23, 11, 2, 15.00, 0.00),
(51, 24, 11, 35, 15.00, 0.00),
(52, 25, 15, 16, 10.00, 0.00),
(53, 25, 3, 38, 150.00, 0.00),
(54, 25, 14, 20, 20.00, 0.00),
(55, 26, 7, 43, 670.00, 0.00),
(56, 27, 10, 37, 56.00, 0.00),
(57, 28, 11, 3, 15.00, 0.00),
(58, 29, 11, 1, 15.00, 0.00),
(59, 32, 11, 4, 15.00, 50.00),
(60, 34, 5, 10, 500.00, 15.00),
(61, 35, 5, 10, 500.00, 15.00),
(62, 36, 4, 1, 675.00, 10.00),
(63, 37, 4, 1, 675.00, 10.00),
(64, 38, 5, 2, 500.00, 5.00),
(65, 38, 12, 2, 67.00, 0.00),
(66, 39, 5, 2, 500.00, 5.00),
(67, 39, 12, 2, 67.00, 0.00),
(68, 40, 10, 2, 56.00, 0.00),
(69, 40, 4, 2, 675.00, 0.00),
(70, 40, 5, 2, 500.00, 0.00),
(71, 42, 5, 1, 500.00, 0.00),
(72, 42, 4, 1, 675.00, 0.00),
(73, 42, 10, 1, 56.00, 0.00),
(76, 44, 4, 23, 675.00, 0.00),
(77, 44, 5, 1, 500.00, 0.00),
(78, 45, 4, 23, 675.00, 0.00),
(79, 45, 5, 1, 500.00, 0.00),
(80, 46, 11, 4, 15.00, 20.00),
(81, 46, 4, 45, 675.00, 20.00),
(82, 46, 12, 2, 67.00, 10.00),
(83, 46, 9, 2, 5543.00, 10.00),
(84, 46, 8, 2, 665.00, 43.00),
(85, 47, 11, 4, 15.00, 20.00),
(86, 47, 4, 45, 675.00, 20.00),
(87, 47, 12, 2, 67.00, 10.00),
(88, 47, 9, 2, 5543.00, 10.00),
(89, 47, 8, 2, 665.00, 43.00),
(90, 48, 11, 2, 15.00, 0.00),
(92, 48, 4, 2, 675.00, 0.00),
(93, 48, 10, 2, 56.00, 0.00),
(94, 50, 11, 2, 15.00, 0.00),
(95, 50, 5, 3, 500.00, 0.00),
(96, 50, 4, 3, 675.00, 1.00),
(97, 50, 10, 2, 56.00, 0.00),
(98, 51, 11, 2, 15.00, 0.00),
(99, 51, 5, 3, 500.00, 0.00),
(100, 51, 4, 3, 675.00, 1.00),
(101, 51, 10, 2, 56.00, 0.00),
(102, 52, 15, 1, 10.00, 0.00),
(103, 53, 15, 1, 10.00, 0.00),
(104, 54, 11, 43, 15.00, 0.00),
(105, 54, 13, 43, 50.00, 0.00),
(106, 54, 9, 33, 5543.00, 0.00),
(107, 54, 12, 2, 67.00, 0.00),
(108, 55, 11, 2, 15.00, 0.00),
(109, 55, 10, 2, 56.00, 0.00),
(110, 56, 4, 2, 675.00, 0.00),
(111, 57, 11, 2, 15.00, 0.00),
(112, 57, 8, 2, 665.00, 0.00),
(113, 58, 13, 2, 50.00, 0.00),
(114, 59, 11, 4, 15.00, 0.00),
(115, 59, 4, 2, 675.00, 0.00),
(116, 60, 11, 2, 15.00, 0.00),
(117, 61, 10, 4, 56.00, 0.00),
(118, 62, 9, 1, 5543.00, 0.00),
(119, 63, 4, 2, 675.00, 0.00),
(120, 64, 10, 2, 56.00, 0.00),
(121, 65, 4, 2, 675.00, 0.00),
(122, 66, 11, 4, 15.00, 0.00),
(123, 66, 15, 2, 10.00, 0.00),
(124, 67, 4, 4, 675.00, 0.00),
(125, 68, 5, 2, 500.00, 0.00),
(126, 68, 4, 2, 675.00, 0.00),
(127, 69, 11, 2, 15.00, 0.00),
(128, 69, 5, 2, 500.00, 0.00),
(129, 69, 4, 2, 675.00, 0.00),
(130, 69, 10, 2, 56.00, 0.00),
(131, 69, 12, 2, 67.00, 0.00),
(132, 69, 9, 2, 5543.00, 0.00),
(133, 69, 13, 4, 50.00, 0.00),
(134, 69, 15, 4, 10.00, 0.00),
(135, 69, 17, 4, 25.00, 0.00),
(136, 69, 1, 4, 70.00, 0.00),
(137, 69, 6, 4, 679.00, 0.00),
(138, 69, 3, 4, 150.00, 0.00),
(139, 69, 8, 2, 665.00, 0.00),
(140, 69, 14, 2, 20.00, 0.00),
(141, 69, 7, 2, 670.00, 0.00),
(142, 69, 16, 2, 10.00, 0.00),
(143, 70, 11, 2, 15.00, 0.00),
(144, 70, 5, 2, 500.00, 10.00),
(145, 70, 4, 2, 675.00, 25.00),
(146, 70, 10, 2, 56.00, 0.00),
(147, 70, 12, 2, 67.00, 0.00),
(148, 70, 9, 2, 5543.00, 0.00),
(149, 71, 18, 100, 1000.00, 25.00),
(150, 71, 19, 100, 30.00, 10.00),
(151, 72, 11, 2, 15.00, 0.00),
(152, 72, 20, 2, 80.00, 0.00),
(153, 72, 22, 2, 230.00, 0.00),
(154, 72, 5, 2, 500.00, 0.00),
(155, 72, 21, 2, 460.00, 0.00),
(156, 72, 4, 2, 675.00, 0.00),
(157, 72, 10, 2, 56.00, 0.00),
(158, 72, 12, 2, 67.00, 0.00),
(159, 72, 9, 2, 5543.00, 0.00),
(160, 72, 13, 2, 50.00, 0.00),
(161, 72, 24, 2, 560.00, 0.00),
(162, 72, 23, 2, 700.00, 0.00),
(163, 72, 15, 2, 10.00, 0.00),
(164, 72, 1, 2, 70.00, 0.00),
(165, 72, 6, 2, 679.00, 0.00),
(166, 72, 3, 2, 150.00, 0.00),
(167, 72, 19, 2, 30.00, 0.00),
(168, 72, 16, 2, 10.00, 0.00),
(169, 72, 7, 2, 670.00, 0.00),
(170, 72, 14, 2, 20.00, 0.00),
(171, 72, 8, 2, 665.00, 0.00),
(172, 73, 27, 2, 300.00, 0.00),
(173, 73, 11, 2, 15.00, 0.00),
(174, 73, 20, 2, 80.00, 0.00),
(175, 73, 22, 2, 230.00, 0.00),
(176, 73, 25, 2, 80.00, 0.00),
(177, 73, 5, 2, 500.00, 0.00),
(178, 73, 21, 2, 460.00, 0.00),
(179, 73, 4, 2, 675.00, 0.00),
(180, 73, 10, 2, 56.00, 0.00),
(181, 73, 12, 2, 67.00, 0.00),
(182, 73, 9, 2, 5543.00, 0.00),
(183, 73, 13, 2, 50.00, 0.00),
(184, 73, 24, 2, 560.00, 0.00),
(185, 73, 23, 2, 700.00, 0.00),
(186, 73, 15, 2, 10.00, 0.00),
(187, 73, 17, 2, 25.00, 0.00),
(188, 73, 1, 2, 70.00, 0.00),
(189, 73, 6, 2, 679.00, 0.00),
(190, 73, 19, 2, 30.00, 0.00),
(191, 73, 16, 2, 10.00, 0.00),
(192, 73, 7, 2, 670.00, 0.00),
(193, 73, 26, 2, 450.00, 0.00),
(194, 73, 14, 2, 20.00, 0.00),
(195, 73, 28, 2, 500.00, 0.00),
(196, 73, 8, 2, 665.00, 0.00),
(197, 74, 33, 2, 50000.00, 0.00),
(198, 74, 30, 2, 600.00, 0.00),
(199, 74, 27, 2, 300.00, 0.00),
(200, 74, 11, 2, 15.00, 0.00),
(201, 74, 20, 2, 80.00, 0.00),
(202, 74, 22, 2, 230.00, 0.00),
(203, 74, 25, 2, 80.00, 0.00),
(204, 74, 5, 2, 500.00, 0.00),
(205, 74, 32, 2, 500.00, 0.00),
(206, 74, 21, 2, 460.00, 0.00),
(207, 74, 4, 2, 675.00, 0.00),
(208, 74, 10, 2, 56.00, 0.00),
(209, 74, 12, 2, 67.00, 0.00),
(210, 74, 9, 2, 5543.00, 0.00),
(211, 74, 13, 4, 50.00, 0.00),
(212, 74, 24, 2, 560.00, 0.00),
(213, 74, 23, 2, 700.00, 0.00),
(214, 74, 29, 2, 650.00, 0.00),
(215, 74, 31, 2, 500.00, 0.00),
(216, 74, 15, 2, 10.00, 0.00),
(217, 74, 17, 2, 25.00, 0.00),
(218, 74, 1, 2, 70.00, 0.00),
(219, 74, 6, 2, 679.00, 0.00),
(220, 74, 19, 2, 30.00, 0.00),
(221, 74, 16, 2, 10.00, 0.00),
(222, 74, 7, 2, 670.00, 0.00),
(223, 74, 26, 2, 450.00, 0.00),
(224, 74, 14, 2, 20.00, 0.00),
(225, 74, 28, 2, 500.00, 0.00),
(226, 74, 8, 2, 665.00, 0.00),
(227, 75, 33, 30, 50000.00, 0.00),
(228, 76, 31, 1, 500.00, 0.00),
(229, 76, 30, 8, 600.00, 0.00),
(230, 77, 32, 1, 500.00, 0.00),
(231, 78, 30, 20, 600.00, 0.00),
(232, 79, 27, 6, 300.00, 0.00),
(233, 80, 11, 9, 15.00, 0.00),
(234, 81, 20, 8, 80.00, 0.00),
(235, 82, 11, 40, 15.00, 0.00),
(236, 83, 27, 2, 300.00, 0.00),
(237, 84, 27, 80, 300.00, 0.00),
(238, 84, 11, 90, 15.00, 0.00),
(239, 84, 20, 2000, 80.00, 0.00),
(240, 85, 27, 2, 300.00, 0.00),
(241, 85, 11, 2, 15.00, 0.00),
(242, 85, 20, 2, 80.00, 0.00),
(243, 85, 22, 2, 230.00, 0.00),
(244, 86, 27, 2, 300.00, 0.00),
(245, 87, 27, 6, 300.00, 0.00),
(246, 88, 27, 6, 300.00, 0.00),
(247, 89, 11, 2, 15.00, 0.00),
(248, 89, 20, 2, 80.00, 0.00),
(249, 89, 22, 2, 230.00, 0.00),
(250, 89, 25, 2, 80.00, 0.00);

-- --------------------------------------------------------

--
-- Table structure for table `customers`
--

CREATE TABLE `customers` (
  `id` int(11) NOT NULL,
  `name` varchar(255) NOT NULL,
  `phone_number` varchar(255) NOT NULL,
  `address` varchar(255) NOT NULL,
  `terms` varchar(255) NOT NULL,
  `salesman` varchar(255) NOT NULL,
  `created_at` timestamp NOT NULL DEFAULT current_timestamp()
) ENGINE=InnoDB DEFAULT CHARSET=utf8mb4 COLLATE=utf8mb4_general_ci;

--
-- Dumping data for table `customers`
--

INSERT INTO `customers` (`id`, `name`, `phone_number`, `address`, `terms`, `salesman`, `created_at`) VALUES
(1, 'Kent', '09876543212', 'Wangag, Leyte', '0', '', '2025-06-04 04:37:07'),
(2, 'Kevin Heart', '098765434', 'balugo 2 ', '0', '', '2025-06-04 04:37:07'),
(3, 'Michael Pangilinan', '098767232', 'Kapinhan, likods buki', '0', '', '2025-06-04 04:37:07'),
(4, 'Harvey Dela Cruz Casane', '343434', 'Sitio Wangag', '0', '', '2025-06-04 04:37:07'),
(5, 'Harvey Dela Cruz Casane', '34344', 'Sitio Wangag', '0', '', '2025-06-04 04:37:07'),
(6, 'hayup', '3434', 'Sitio Wangag', 'Monthly payment', 'puyah', '2025-06-04 04:37:07'),
(7, 'Doms', '0987', 'Cebu', 'COD', 'Unoboy', '2025-06-04 04:37:07'),
(8, 'Mark', '09123456', 'Brgy. Liloan Ormoc City', 'COD', 'Carlos Sode', '2025-06-04 04:37:07'),
(9, 'test', '05656', 'test', 'COD', 'Agregate', '2025-06-04 04:37:07'),
(10, 'Harvey Casane', '0912345690', 'Wangag', 'Monthly payment', 'Domenick Mahusay', '2025-06-04 04:38:53'),
(11, 'Nicole Shayne Noval', '0912395812', 'Borok', 'COD', 'Printet', '2025-06-25 12:49:16'),
(12, 'Harv', '09289329102', 'asd', 'COD', 'harold', '2025-07-05 07:04:40'),
(13, 'new harv', '09898929102', 'wangag', 'COD', 'new harold', '2025-07-05 07:05:20'),
(14, 'Rufino Enterprises', '0987654321', 'Punta, Ormoc City', 'COD', 'Ariel A. ', '2025-07-18 03:29:15');

-- --------------------------------------------------------

--
-- Table structure for table `items`
--

CREATE TABLE `items` (
  `id` int(11) NOT NULL,
  `stock` int(255) NOT NULL,
  `sold_by` varchar(255) NOT NULL,
  `name` varchar(255) NOT NULL,
  `category` varchar(255) NOT NULL,
  `cost` double(50,2) NOT NULL,
  `price` double(50,2) NOT NULL
) ENGINE=InnoDB DEFAULT CHARSET=utf8mb4 COLLATE=utf8mb4_general_ci;

--
-- Dumping data for table `items`
--

INSERT INTO `items` (`id`, `stock`, `sold_by`, `name`, `category`, `cost`, `price`) VALUES
(1, 38, 'PCS', 'test item', 'testing', 50.00, 70.00),
(3, 0, 'PCS', 'test item 2', 'testing', 100.00, 150.00),
(4, 358, 'piece', 'Helmet', 'Gear', 450.00, 675.00),
(5, 272, 'PCK', 'Gloves', 'Gear', 345.00, 500.00),
(6, 4533, 'PCK', 'test item ', 'PLUMBING', 456.00, 679.00),
(7, 78, 'PCS', 'testing', 'ELECTRICAL', 434.00, 670.00),
(8, 186, 'PCS', 'wowowo hahah', 'HARDWARE', 34.00, 665.00),
(9, 397, 'BOX', 'nails wow', 'P.E FITTING', 3434.00, 5543.00),
(10, 10, 'PCS', 'ICE CANDY', 'PLUMBING', 34.00, 56.00),
(11, 6, 'PCS', 'charger', 'ELECTRICAL', 50.00, 15.00),
(12, 440, 'PCS', 'Mousepad', 'ELECTRICAL', 45.00, 67.00),
(13, 27, 'PCS', 'PVC', 'HARDWARE', 25.00, 50.00),
(14, 31, 'PCS', 'wawa', 'HARDWARE', 25.00, 20.00),
(15, 244, 'PCS', 'test', 'P.E FITTING', 25.00, 10.00),
(16, 195, 'PCS', 'test1', 'ELECTRICAL', 10.00, 10.00),
(17, 32, 'PCS', 'test', 'ELECTRICAL', 50.00, 25.00),
(18, 0, 'PCS', 'test print', 'ELECTRICAL', 255.00, 1000.00),
(19, 499, 'PCK', 'test print 2', 'HARDWARE', 25.00, 30.00),
(20, 1416, 'BOX', 'earPhone', 'ELECTRICAL', 45.00, 80.00),
(21, 94, 'PCS', 'HDD', 'ELECTRICAL', 250.00, 460.00),
(22, 990, 'PCS', 'Elbow 1/3', 'PPR FITTING', 150.00, 230.00),
(23, 94, 'BOX', 'Safety Shoes', 'PLUMBING', 500.00, 700.00),
(24, 43397, 'PCS', 'Safety Hat', 'PPR FITTING', 300.00, 560.00),
(25, 3428, 'PCS', 'Flow Vase', 'PVC FITTING', 45.00, 80.00),
(26, 996, 'PCK', 'Umbrella Nails', 'HARDWARE', 300.00, 450.00),
(27, 0, 'KG', 'Cement', 'ELECTRICAL', 150.00, 300.00),
(28, 396, 'PCK', 'Welding Rod', 'HARDWARE', 340.00, 500.00),
(29, 43, 'PCS', 'Safety Vest', 'HARDWARE', 500.00, 650.00),
(30, 0, 'PCK', 'Adhesive Cement', 'HARDWARE', 450.00, 600.00),
(31, 40, 'PCS', 'slipper build', 'HARDWARE', 430.00, 500.00),
(32, 40, 'PCS', 'Hammer', 'HARDWARE', 320.00, 500.00),
(33, 0, 'PCS', 'Acer Nitro 5 AN515-58-50YE', 'ELECTRICAL', 2000.00, 5000.00);

-- --------------------------------------------------------

--
-- Table structure for table `item_stock_history`
--

CREATE TABLE `item_stock_history` (
  `id` int(11) NOT NULL,
  `item_id` int(11) NOT NULL,
  `quantity_added` int(11) NOT NULL,
  `date_added` timestamp NOT NULL DEFAULT current_timestamp()
) ENGINE=InnoDB DEFAULT CHARSET=utf8mb4 COLLATE=utf8mb4_general_ci;

--
-- Dumping data for table `item_stock_history`
--

INSERT INTO `item_stock_history` (`id`, `item_id`, `quantity_added`, `date_added`) VALUES
(1, 12, 4, '2025-04-29 13:57:21'),
(2, 11, 1, '2025-04-29 14:01:56'),
(3, 16, 10, '2025-04-30 04:21:11'),
(4, 17, 10, '2025-06-04 05:18:04'),
(5, 8, 200, '2025-06-24 04:56:37'),
(6, 7, 86, '2025-06-24 05:53:25'),
(7, 16, 200, '2025-06-24 06:13:24'),
(8, 11, 230, '2025-06-24 08:35:26'),
(9, 15, 250, '2025-06-25 12:34:19'),
(10, 10, 34, '2025-06-29 13:49:21'),
(11, 14, 34, '2025-07-03 14:54:02'),
(12, 17, 34, '2025-07-03 14:54:27'),
(13, 13, 34, '2025-07-03 15:50:54'),
(14, 19, 500, '2025-07-05 09:25:55');

--
-- Indexes for dumped tables
--

--
-- Indexes for table `charges`
--
ALTER TABLE `charges`
  ADD PRIMARY KEY (`id`),
  ADD KEY `customer_id` (`customer_id`),
  ADD KEY `idx_charges_finalized` (`finalized`);

--
-- Indexes for table `charge_items`
--
ALTER TABLE `charge_items`
  ADD PRIMARY KEY (`id`),
  ADD KEY `charge_id` (`charge_id`),
  ADD KEY `item_id` (`item_id`);

--
-- Indexes for table `customers`
--
ALTER TABLE `customers`
  ADD PRIMARY KEY (`id`);

--
-- Indexes for table `items`
--
ALTER TABLE `items`
  ADD PRIMARY KEY (`id`);

--
-- Indexes for table `item_stock_history`
--
ALTER TABLE `item_stock_history`
  ADD PRIMARY KEY (`id`),
  ADD KEY `item_id` (`item_id`);

--
-- AUTO_INCREMENT for dumped tables
--

--
-- AUTO_INCREMENT for table `charges`
--
ALTER TABLE `charges`
  MODIFY `id` int(11) NOT NULL AUTO_INCREMENT, AUTO_INCREMENT=90;

--
-- AUTO_INCREMENT for table `charge_items`
--
ALTER TABLE `charge_items`
  MODIFY `id` int(11) NOT NULL AUTO_INCREMENT, AUTO_INCREMENT=251;

--
-- AUTO_INCREMENT for table `customers`
--
ALTER TABLE `customers`
  MODIFY `id` int(11) NOT NULL AUTO_INCREMENT, AUTO_INCREMENT=15;

--
-- AUTO_INCREMENT for table `items`
--
ALTER TABLE `items`
  MODIFY `id` int(11) NOT NULL AUTO_INCREMENT, AUTO_INCREMENT=34;

--
-- AUTO_INCREMENT for table `item_stock_history`
--
ALTER TABLE `item_stock_history`
  MODIFY `id` int(11) NOT NULL AUTO_INCREMENT, AUTO_INCREMENT=15;

--
-- Constraints for dumped tables
--

--
-- Constraints for table `charges`
--
ALTER TABLE `charges`
  ADD CONSTRAINT `charges_ibfk_1` FOREIGN KEY (`customer_id`) REFERENCES `customers` (`id`) ON UPDATE CASCADE;

--
-- Constraints for table `charge_items`
--
ALTER TABLE `charge_items`
  ADD CONSTRAINT `charge_items_ibfk_1` FOREIGN KEY (`charge_id`) REFERENCES `charges` (`id`) ON UPDATE CASCADE,
  ADD CONSTRAINT `charge_items_ibfk_2` FOREIGN KEY (`item_id`) REFERENCES `items` (`id`) ON UPDATE CASCADE;

--
-- Constraints for table `item_stock_history`
--
ALTER TABLE `item_stock_history`
  ADD CONSTRAINT `item_stock_history_ibfk_1` FOREIGN KEY (`item_id`) REFERENCES `items` (`id`);
COMMIT;

/*!40101 SET CHARACTER_SET_CLIENT=@OLD_CHARACTER_SET_CLIENT */;
/*!40101 SET CHARACTER_SET_RESULTS=@OLD_CHARACTER_SET_RESULTS */;
/*!40101 SET COLLATION_CONNECTION=@OLD_COLLATION_CONNECTION */;
